#,file,mime,bytes,label,sha256_prefix
1,audio_01.mp3,audio/mpeg,449719,Dhanvantari Invocation,20d04fe4e0ae94a2
2,audio_02.mp3,audio/mpeg,811402,Chanting,f88e731ad833e5a7
3,audio_03.mp3,audio/mpeg,1486757,Chanting,6ca0db531612b1c5
4,audio_04.mp3,audio/mpeg,948198,Chanting,55ee18e3567dbb8b
5,audio_05.mp3,audio/mpeg,876684,Chanting,d6687a6881368e17
6,audio_06.mp3,audio/mpeg,1620224,Chanting,4862d199bbc2cd48
7,audio_07.mp3,audio/mpeg,1025983,Chanting,990e7dc3c9a962de
8,audio_08.mp3,audio/mpeg,1348547,Chanting,e7aea27d5d799c19
9,audio_09.mp3,audio/mpeg,565663,Chanting,7227366a45371238
10,audio_10.mp3,audio/mpeg,1212684,Chanting,2bff75e8995847f6
11,audio_11.mp3,audio/mpeg,5879825,Continuous chanting,f8da7e67a3c3aa89
12,audio_12.mp3,audio/mpeg,7349631,Slow continuous chanting,014aa791121bb529
13,audio_13.m4a,audio/mp4,746763,Chanting,1df406e08fed92eb
14,audio_14.m4a,audio/mp4,1822312,Chanting,f9a0c7ecde48766e
15,audio_15.m4a,audio/mp4,2886025,Chanting,f8f324f3541cb310
16,audio_16.m4a,audio/mp4,2162645,Chanting,ebd1a076a5254dd3
17,audio_17.m4a,audio/mp4,3013268,Chanting,d523dc756710539d
18,audio_18.m4a,audio/mp4,2107478,Chanting,4f08b64f660e620d
19,audio_19.m4a,audio/mp4,1931684,Chanting,5ed731738e2cddc1
20,audio_20.m4a,audio/mp4,2397498,Chanting,3aa6075a666c43b6
21,audio_21.m4a,audio/mp4,1561055,Chanting,f86b88abe5483979
22,audio_22.m4a,audio/mp4,2675878,Chanting,9e97301606aaec75
23,audio_23.m4a,audio/mp4,2943309,Chanting,03fa9ae833a3e4f4
24,audio_24.m4a,audio/mp4,2305612,Chanting,5236e923f49e03e2
25,audio_25.m4a,audio/mp4,2657547,Chanting,3bb9ea65a5fcaee3
26,audio_26.m4a,audio/mp4,3445368,Chanting,d2fd7de30c2af90a
27,audio_27.m4a,audio/mp4,2456085,Chanting,0b8f61c25f2f801d
28,audio_28.m4a,audio/mp4,2929305,Chanting,d73c04c36939e2e5
29,audio_29.m4a,audio/mp4,2941569,Chanting,9dce26f9e0158905
30,audio_30.m4a,audio/mp4,3644604,Chanting,30d18227caa26a55
31,audio_31.m4a,audio/mp4,4223140,Chanting,14c99de40d1bff73
32,audio_32.m4a,audio/mp4,3460139,Chanting,bfa38027cd793b97
33,audio_33.m4a,audio/mp4,3446721,Chanting,b82553e7c62aaaf7
34,audio_34.m4a,audio/mp4,4066639,Chanting,85fc0fe6e329ce47
35,audio_35.m4a,audio/mp4,2370668,Chanting,e46fad12d78044f6
36,audio_36.m4a,audio/mp4,2860573,Chanting,201043c0821237ce
37,audio_37.m4a,audio/mp4,2263057,Chanting,8a31f7fe2f44c492
38,audio_38.m4a,audio/mp4,2415121,Chanting,61c0b851d6386693
39,audio_39.m4a,audio/mp4,2902832,Chanting,d65b29f79c1db2cd
40,audio_40.m4a,audio/mp4,2520187,Chanting,191de67bfec55131
41,audio_41.m4a,audio/mp4,2299041,Chanting,c6ce1ab7be982fab
42,audio_42.m4a,audio/mp4,2800447,Chanting,d231acc7ba6bced0
43,audio_43.m4a,audio/mp4,2901946,Chanting,23836a76d0908409
44,audio_44.m4a,audio/mp4,2268018,Chanting,084a2f55a294f1c3
